PRODUCT_ID,PRODUCT_NAME,PRODUCT_DESCRIPTION,PRODUCT_CATEGORY,UNIT_PRICE,BUSINESS_LINE
e56703a8-286e-4bc6-b78f-7d448b6f6817,Engine Monitoring System,Feel need image.,by,8015.50,AERO
05cdd4a5-c755-4ed6-90ab-5ea9107fd5cb,Renewable Energy System,Fish little page wife change.,friend,120.38,ESS
4c41253a-559a-4cb3-957d-6a064c9d1262,HVAC Control System,Action different main book make us.,eye,1749.63,BA
aff6312b-9d3c-4531-9c3a-b542894e5905,Weather Radar System,Current environmental movie I.,state,6833.29,AERO
56399415-2ab3-4ef8-9f19-a48990c0b1ed,Smart Grid Solution,Send month management system military.,civil,3227.44,ESS
f984b229-bfda-4e33-a231-7cb7656c62f6,Smart Grid Solution 1,Start including often.,turn,3385.51,ESS
1a34e3d1-b349-40a2-bd1d-aef8357b0a08,Renewable Energy System 1,Seek officer true happen whole form community beat.,we,2548.36,ESS
b7f28971-3a46-4126-aa78-cffa48a9ce07,Security System,Southern alone kitchen artist base since section.,suffer,4130.56,BA
4d7a3632-ec1b-4020-9e85-890333aec045,SCADA System,Stop final collection traditional maybe design stop.,town,4469.62,IA
80834040-c6e4-4564-83d2-d44f371e0d4f,SCADA System 1,Like production thank check follow.,notice,7280.36,IA
d0bae53e-a97c-49d5-aad1-1f2d9c96589f,SCADA System 2,Blue almost degree upon.,home,8553.20,IA
2432ec3d-c0b8-4359-9171-8d3e4ef559c2,Flight Control System,Point religious instead accept red glass.,letter,5609.47,AERO
609547a7-6591-4734-afcd-7884b815dea5,HVAC Control System 1,Themselves memory behavior to evening.,dog,8965.55,BA
919315c0-eca1-418e-9e40-ff26b67288d8,Energy Management System,Senior market guy service.,rise,4998.15,ESS
9ac2c791-dbd5-4e58-bc89-6db53a3d16f1,Engine Monitoring System 1,Remain artist standard.,final,3298.29,AERO
a8c759fa-637a-4c7f-85f0-2a669efa8ca8,Renewable Energy System 2,Present old blood my speech.,PM,5792.72,ESS
861f843c-d8d7-4929-a2d1-ac17b32e916f,HVAC Control System 2,Some history should example.,agree,549.57,BA
400dab25-1a83-4944-bfb3-a182219bfbac,Energy Management System 1,Even nor across manage.,religious,7405.29,ESS
b4b9ded9-ca06-45c4-814b-3b3631aa5f38,SCADA System 3,Else participant relate mean newspaper oil.,close,6856.08,IA
9ba4810a-12af-4b73-ab79-0eb71f5ac9e4,Energy Management System 2,Run successful loss relate idea leave six some.,growth,3910.30,ESS
3f8265a5-c27a-4f4e-a88f-d4fca449b0b6,Flight Control System 1,Discussion billion their.,tough,5407.59,AERO
dcffaf6e-c352-4c3e-a356-ea0ceac7f054,Energy Management System 3,Hospital author test.,brother,3454.17,ESS
afb4fba0-2192-4910-aee7-88a34a295470,Navigation System,Themselves rock series campaign value.,candidate,3196.85,AERO
7b85b3be-ec90-44e8-a2c2-0b6bc35ebe46,Building Management System,Number finish determine agency product girl may.,list,6018.63,BA
ece8a6fd-c768-4f5d-a823-f06f901fd869,Smart Grid Solution 2,Pick indeed especially listen dream.,form,8485.54,ESS
2523d1c2-146b-4481-a5de-1d05ab90f87c,Navigation System 1,Write player return dark film.,upon,9931.56,AERO
c8e01e32-512c-455c-ad14-e8a2049628d4,Flight Control System 2,Course toward place card Mr line.,building,6578.66,AERO
214137c7-c837-4dba-8411-95d4dee87b3d,Weather Radar System 1,Provide real event.,interview,7806.48,AERO
efe30164-fb58-45f8-bd85-f29a1dcd7990,Flight Control System 3,Man trouble system easy hair improve.,back,5557.83,AERO
ff8bbcb6-3640-45df-ae4e-3f75bf8093b8,HVAC Control System 3,Field agree pay night everyone their happen focus.,baby,3286.32,BA
dc962280-d94f-4239-b75c-ecc91fcc8acb,SCADA System 4,Their most our sea bed feeling evidence.,loss,6454.77,IA
9eca2efe-0b50-4e9c-818a-168a791e4066,Safety Instrumented System,Put far quickly federal factor car animal.,glass,3184.85,IA
6e1deaf4-5da0-4af0-9c94-0502a69807ff,Smart Grid Solution 3,Support particularly effort.,bag,499.00,ESS
e8d69a62-ab7f-4589-9dd5-c5dbfe30777a,Process Control System,Manage take stuff car about stuff.,hotel,5666.87,IA
0d9bdd60-139e-4189-969b-d07efbbc06e6,Security System 1,Girl with well ago hotel.,remember,204.96,BA
26b6e9fb-e5e7-46fa-9b25-866f7ff2dea7,Distributed Control System,Anyone eight admit example choice.,watch,9844.44,IA
6c3c7c4b-d1f5-4af0-b62f-cac915bd43da,Flight Control System 4,Career sure forget charge late gun.,sport,9303.67,AERO
560d4610-ee44-4220-9c5f-329194dd5e16,Flight Control System 5,Head coach thing become drive.,medical,5198.03,AERO
cf540f2c-9bef-4afb-9c54-ff8c91eb2695,Flight Control System 6,Value house better chair kid win especially.,political,4381.38,AERO
88a162eb-cea8-466c-a004-61300ae0a332,Renewable Energy System 3,Stage bag lot allow pattern.,beat,7853.29,ESS
aad46cb8-27b1-4d17-bd83-a17b43acdde9,Engine Monitoring System 2,Fill throw under yet knowledge.,her,5855.54,AERO
7c76d6bf-c650-4ccb-b3de-99634402528c,Distributed Control System 1,International not look music soon.,job,2756.71,IA
81af8c71-f132-4e91-8db2-8756e78b389b,Weather Radar System 2,Admit cut hundred receive kid direction everything play.,hotel,7699.83,AERO
f81cb962-fcb4-401e-8b2e-32d848b6ce78,Security System 2,Particularly consumer office.,most,4949.01,BA
5566c982-942a-41bd-8ef0-f2bc20a5f8a5,Flight Control System 7,Similar employee term not short.,program,2524.10,AERO
9306348b-183c-4d7f-b7f9-804d30f54c5e,Engine Monitoring System 3,Whatever set very south.,significant,9934.37,AERO
1baf6986-6381-4e38-8aa5-e2083f7581c3,HVAC Control System 4,Interview score view imagine especially since.,wear,612.91,BA
c0363488-7bc8-4d4d-ade0-8ce4a47561df,Flight Control System 8,Pull security low to.,front,3209.02,AERO
46652bcd-0379-44ba-8fcc-792d2f2feaa4,Navigation System 2,End place challenge that daughter eight.,own,4216.21,AERO
59f20b6f-7082-4559-bc49-f2727c05a9a5,Navigation System 3,Value shake possible maybe peace both.,democratic,9075.44,AERO
